alpha_id,formula,transpiled,status,sharpe,cagr,max_dd,trades,win_rate,pnl,non_zero_pos_pct,error
Alpha#1,"(rank(Ts_ArgMax(SignedPower(((returns < 0) ? stddev(returns, 20) : close), 2.), 5)) - 0.5)","rank(Ts_ArgMax(SignedPower((where(returns < 0, stddev(returns, 20), close)), 2.), 5)) - 0.5",SUCCESS,-3.42873307671133,0.0,-970.1535971223024,31534,49.514056486856695,-6604703999.999964,99.5898106589781,
Alpha#2,"(-1 * correlation(rank(delta(log(volume), 2)), rank(((close - open) / open)), 6))","-1 * correlation(rank(delta(log(volume), 2)), rank((close - open_) / open_), 6)",SUCCESS,0.0,0.0,0.0,0,0.0,0.0,0.0,
Alpha#3,"(-1 * correlation(rank(open), rank(volume), 10))","-1 * correlation(rank(open_), rank(volume), 10)",SUCCESS,0.0,0.0,0.0,0,0.0,0.0,0.0,
Alpha#4,"(-1 * Ts_Rank(rank(low), 9))","-1 * Ts_Rank(rank(low), 9)",SUCCESS,-3.1076808983474784,0.0,-801.4404484389512,23398,51.070483521770505,-8081020000.000025,99.5898106589781,
Alpha#5,"(rank((open - (sum(vwap, 10) / 10))) * (-1 * abs(rank((close - vwap)))))","rank(open_ - (sum_(vwap, 10) / 10)) * (-1 * abs(rank(close - vwap)))",SUCCESS,-5.154622526077343,0.0,-2023.5895552330642,30255,48.38228963142034,-15430928000.000021,99.5630591802158,
Alpha#6,"(-1 * correlation(open, volume, 10))","-1 * correlation(open_, volume, 10)",SUCCESS,0.0,0.0,0.0,0,0.0,0.0,0.0,
Alpha#7,"((adv20 < volume) ? ((-1 * ts_rank(abs(delta(close, 7)), 60)) * sign(delta(close, 7))) : (-1 * 1)) 9","where(adv20 < volume, (-1 * ts_rank(abs(delta(close, 7)), 60)) * sign(delta(close, 7)), -1 * 1)",SUCCESS,-0.3531041410400114,0.0,-183.02068302068304,1,0.0,0.0,99.64628600303183,
Alpha#8,"(-1 * rank(((sum(open, 5) * sum(returns, 5)) - delay((sum(open, 5) * sum(returns, 5)), 10))))","-1 * rank((sum_(open_, 5) * sum_(returns, 5)) - delay((sum_(open_, 5) * sum_(returns, 5)), 10))",SUCCESS,-2.617705995269768,0.0,-608.7900484148148,28488,48.86790465826517,-4181598000.0000067,99.5898106589781,
Alpha#9,"((0 < ts_min(delta(close, 1), 5)) ? delta(close, 1) : ((ts_max(delta(close, 1), 5) < 0) ? delta(close, 1) : (-1 * delta(close, 1))))","where(0 < ts_min(delta(close, 1), 5), delta(close, 1), where(ts_max(delta(close, 1), 5) < 0, delta(close, 1), -1 * delta(close, 1)))",SUCCESS,-0.5927357944256659,0.0,-122.9149097552433,33139,49.28808511958309,1030321999.999993,99.6433136165027,
Alpha#10,"rank(((0 < ts_min(delta(close, 1), 4)) ? delta(close, 1) : ((ts_max(delta(close, 1), 4) < 0) ? delta(close, 1) : (-1 * delta(close, 1)))))","rank(where(0 < ts_min(delta(close, 1), 4), delta(close, 1), where(ts_max(delta(close, 1), 4) < 0, delta(close, 1), -1 * delta(close, 1))))",SUCCESS,-0.7521035162622006,0.0,-219.49235522871064,31876,50.18980392156863,1714078000.000021,99.5898106589781,
Alpha#11,"((rank(ts_max((vwap - close), 3)) + rank(ts_min((vwap - close), 3))) * rank(delta(volume, 3)))","(rank(ts_max((vwap - close), 3)) + rank(ts_min((vwap - close), 3))) * rank(delta(volume, 3))",SUCCESS,-4.519582555129521,0.0,-1577.8212787593734,27088,48.27872565302733,-12409589999.999994,99.5838658859198,
Alpha#12,"(sign(delta(volume, 1)) * (-1 * delta(close, 1)))","sign(delta(volume, 1)) * (-1 * delta(close, 1))",SUCCESS,-0.35459645834568587,0.0,-183.70037508820144,1,0.0,0.0,99.6433136165027,
Alpha#13,"(-1 * rank(covariance(rank(close), rank(volume), 5)))","-1 * rank(covariance(rank(close), rank(volume), 5))",SUCCESS,-0.351909657223769,0.0,-182.44688698731187,1,0.0,0.0,99.57792111286152,
Alpha#14,"((-1 * rank(delta(returns, 3))) * correlation(open, volume, 10))","(-1 * rank(delta(returns, 3))) * correlation(open_, volume, 10)",SUCCESS,0.0,0.0,0.0,0,0.0,0.0,0.0,
Alpha#15,"(-1 * sum(rank(correlation(rank(high), rank(volume), 3)), 3))","-1 * sum_(rank(correlation(rank(high), rank(volume), 3)), 3)",SUCCESS,0.0,0.0,0.0,0,0.0,0.0,0.0,
Alpha#16,"(-1 * rank(covariance(rank(high), rank(volume), 5)))","-1 * rank(covariance(rank(high), rank(volume), 5))",SUCCESS,-0.351909657223769,0.0,-182.44688698731187,1,0.0,0.0,99.57792111286152,
Alpha#17,"(((-1 * rank(ts_rank(close, 10))) * rank(delta(delta(close, 1), 1))) * rank(ts_rank((volume / adv20), 5)))","((-1 * rank(ts_rank(close, 10))) * rank(delta(delta(close, 1), 1))) * rank(ts_rank((volume / adv20), 5))",SUCCESS,0.0,0.0,0.0,0,0.0,0.0,0.0,
Alpha#18,"(-1 * rank(((stddev(abs((close - open)), 5) + (close - open)) + correlation(close, open, 10))))","-1 * rank((stddev(abs(close - open_), 5) + (close - open_)) + correlation(close, open_, 10))",SUCCESS,-1.1538110734349363,0.0,-288.2438206243542,31189,49.95991919710136,486370000.0000558,99.23312427548079,
Alpha#19,"((-1 * sign(((close - delay(close, 7)) + delta(close, 7)))) * (1 + rank((1 + sum(returns, 250)))))","(-1 * sign((close - delay(close, 7)) + delta(close, 7))) * (1 + rank(1 + sum_(returns, 250)))",SUCCESS,-4.577390893512289,0.0,-1338.3205312174666,26851,49.3005941189742,-12050101999.999958,98.90318937074576,
Alpha#20,"(((-1 * rank((open - delay(high, 1)))) * rank((open - delay(close, 1)))) * rank((open - delay(low, 1))))","((-1 * rank(open_ - delay(high, 1))) * rank(open_ - delay(close, 1))) * rank(open_ - delay(low, 1))",SUCCESS,-3.454579040852189,0.0,-1281.6972465598815,33371,47.82187802516941,-7868856000.000003,99.5898106589781,
Alpha#21,"((((sum(close, 8) / 8) + stddev(close, 8)) < (sum(close, 2) / 2)) ? (-1 * 1) : (((sum(close, 2) / 2) < ((sum(close, 8) / 8) - stddev(close, 8))) ? 1 : (((1 < (volume / adv20)) || ((volume / adv20) == 1)) ? 1 : (-1 * 1))))","where(((sum_(close, 8) / 8) + stddev(close, 8)) < (sum_(close, 2) / 2), -1 * 1, where((sum_(close, 2) / 2) < ((sum_(close, 8) / 8) - stddev(close, 8)), 1, where((1 < (volume / adv20)) | ((volume / adv20) == 1), 1, -1 * 1)))",SUCCESS,-1.9463925163200373,0.0,-915.0637311703374,4715,62.15528213831141,-8747360000.000002,99.64628600303183,
Alpha#22,"(-1 * (delta(correlation(high, volume, 5), 5) * rank(stddev(close, 20))))","-1 * (delta(correlation(high, volume, 5), 5) * rank(stddev(close, 20)))",SUCCESS,0.0,0.0,0.0,0,0.0,0.0,0.0,
Alpha#23,"(((sum(high, 20) / 20) < high) ? (-1 * delta(high, 2)) : 0)","where((sum_(high, 20) / 20) < high, -1 * delta(high, 2), 0)",SUCCESS,-1.6907546683689938,0.0,-313.69303289195034,19360,49.65872099128426,-2300888000.000009,99.64628600303183,
Alpha#24,"((((delta((sum(close, 100) / 100), 100) / delay(close, 100)) < 0.05) || ((delta((sum(close, 100) / 100), 100) / delay(close, 100)) == 0.05)) ? (-1 * (close - ts_min(close, 100))) : (-1 * delta(close, 3))) 10","where(((delta((sum_(close, 100) / 100), 100) / delay(close, 100)) < 0.05) | ((delta((sum_(close, 100) / 100), 100) / delay(close, 100)) == 0.05), -1 * (close - ts_min(close, 100)), -1 * delta(close, 3))",SUCCESS,-3.4030938292003032,0.0,-1220.704878345716,30916,50.411334552102375,-7902199999.99995,99.63736884344439,
Alpha#25,rank(((((-1 * returns) * adv20) * vwap) * (high - close))),rank((((-1 * returns) * adv20) * vwap) * (high - close)),SUCCESS,-0.3524261712872089,0.0,-182.68271965136464,1,0.0,0.0,99.5898106589781,
Alpha#26,"(-1 * ts_max(correlation(ts_rank(volume, 5), ts_rank(high, 5), 5), 3))","-1 * ts_max(correlation(ts_rank(volume, 5), ts_rank(high, 5), 5), 3)",SUCCESS,0.0,0.0,0.0,0,0.0,0.0,0.0,
Alpha#27,"((0.5 < rank((sum(correlation(rank(volume), rank(vwap), 6), 2) / 2.0))) ? (-1 * 1) : 1)","where(0.5 < rank(sum_(correlation(rank(volume), rank(vwap), 6), 2) / 2.0), -1 * 1, 1)",SUCCESS,-0.3531041410400114,0.0,-183.02068302068304,1,0.0,0.0,99.64628600303183,
Alpha#28,"scale(((correlation(adv20, low, 5) + ((high + low) / 2)) - close))","scale((correlation(adv20, low, 5) + ((high + low) / 2)) - close)",SUCCESS,0.0,0.0,0.0,0,0.0,0.0,0.0,
Alpha#29,"(min(product(rank(rank(scale(log(sum(ts_min(rank(rank((-1 * rank(delta((close - 1), 5))))), 2), 1))))), 1), 5) + ts_rank(delay((-1 * returns), 6), 5))","min_(product(rank(rank(scale(log(sum_(ts_min(rank(rank(-1 * rank(delta((close - 1), 5)))), 2), 1))))), 1), 5) + ts_rank(delay((-1 * returns), 6), 5)",SUCCESS,-3.4063055359226944,0.0,-658.2826129587519,32173,47.95384324358408,-4138607999.999981,99.5303629283952,
Alpha#30,"(((1.0 - rank(((sign((close - delay(close, 1))) + sign((delay(close, 1) - delay(close, 2)))) + sign((delay(close, 2) - delay(close, 3)))))) * sum(volume, 5)) / sum(volume, 20))","((1.0 - rank((sign(close - delay(close, 1)) + sign(delay(close, 1) - delay(close, 2))) + sign(delay(close, 2) - delay(close, 3)))) * sum_(volume, 5)) / sum_(volume, 20)",SUCCESS,0.0,0.0,0.0,0,0.0,0.0,0.0,
Alpha#31,"((rank(rank(rank(decay_linear((-1 * rank(rank(delta(close, 10)))), 10)))) + rank((-1 * delta(close, 3)))) + sign(scale(correlation(adv20, low, 12))))","(rank(rank(rank(decay_linear((-1 * rank(rank(delta(close, 10)))), 10)))) + rank(-1 * delta(close, 3))) + sign(scale(correlation(adv20, low, 12)))",SUCCESS,0.0,0.0,0.0,0,0.0,0.0,0.0,
Alpha#32,"(scale(((sum(close, 7) / 7) - close)) + (20 * scale(correlation(vwap, delay(close, 5), 230))))","scale((sum_(close, 7) / 7) - close) + (20 * scale(correlation(vwap, delay(close, 5), 230)))",SUCCESS,-3.3613452096237144,0.0,-679.5624839759219,33216,48.932020802377416,-4955846000.000009,98.85265879975032,
Alpha#33,rank((-1 * ((1 - (open / close))^1))),rank(-1 * ((1 - (open_ / close))**1)),SUCCESS,-0.36800857591598246,0.0,-129.3766453769192,31501,51.05079365079364,2987978000.000071,99.5898106589781,
Alpha#34,"rank(((1 - rank((stddev(returns, 2) / stddev(returns, 5)))) + (1 - rank(delta(close, 1)))))","rank((1 - rank(stddev(returns, 2) / stddev(returns, 5))) + (1 - rank(delta(close, 1))))",SUCCESS,-1.3481044227794203,0.0,-356.55510189462933,31423,49.46530872056015,122794000.00002925,98.8645483458669,
Alpha#35,"((Ts_Rank(volume, 32) * (1 - Ts_Rank(((close + high) - low), 16))) * (1 - Ts_Rank(returns, 32)))","(Ts_Rank(volume, 32) * (1 - Ts_Rank(((close + high) - low), 16))) * (1 - Ts_Rank(returns, 32))",SUCCESS,-2.849978560478179,0.0,-944.3835572893629,32304,49.34041888090028,-5796715999.999938,99.55414202062836,
Alpha#36,"(((((2.21 * rank(correlation((close - open), delay(volume, 1), 15))) + (0.7 * rank((open - close)))) + (0.73 * rank(Ts_Rank(delay((-1 * returns), 6), 5)))) + rank(abs(correlation(vwap, adv20, 6)))) + (0.6 * rank((((sum(close, 200) / 200) - open) * (close - open)))))","((((2.21 * rank(correlation((close - open_), delay(volume, 1), 15))) + (0.7 * rank(open_ - close))) + (0.73 * rank(Ts_Rank(delay((-1 * returns), 6), 5)))) + rank(abs(correlation(vwap, adv20, 6)))) + (0.6 * rank(((sum_(close, 200) / 200) - open_) * (close - open_)))",SUCCESS,0.0,0.0,0.0,0,0.0,0.0,0.0,
Alpha#37,"(rank(correlation(delay((open - close), 1), close, 200)) + rank((open - close)))","rank(correlation(delay((open_ - close), 1), close, 200)) + rank(open_ - close)",SUCCESS,-0.7545245528529921,0.0,-167.75968884169552,32011,49.11417639304202,1259604000.0000365,99.05180869720299,
Alpha#38,"((-1 * rank(Ts_Rank(close, 10))) * rank((close / open)))","(-1 * rank(Ts_Rank(close, 10))) * rank(close / open_)",SUCCESS,-2.1305142009356457,0.0,-624.9290317154157,32896,49.95076923076923,-1789461999.999964,99.5898106589781,
Alpha#39,"((-1 * rank((delta(close, 7) * (1 - rank(decay_linear((volume / adv20), 9)))))) * (1 + rank(sum(returns, 250))))","(-1 * rank(delta(close, 7) * (1 - rank(decay_linear((volume / adv20), 9))))) * (1 + rank(sum_(returns, 250)))",SUCCESS,0.0,0.0,0.0,0,0.0,0.0,0.0,
Alpha#40,"((-1 * rank(stddev(high, 10))) * correlation(high, volume, 10))","(-1 * rank(stddev(high, 10))) * correlation(high, volume, 10)",SUCCESS,0.0,0.0,0.0,0,0.0,0.0,0.0,
Alpha#41,(((high * low)^0.5) - vwap),((high * low)**0.5) - vwap,SUCCESS,-0.1595865275634171,-10.687554662946685,-91.57769975865035,33253,47.480358458138966,2745419999.999983,99.5898106589781,
Alpha#42,(rank((vwap - close)) / rank((vwap + close))),rank(vwap - close) / rank(vwap + close),SUCCESS,-4.216114851574425,0.0,-1782.832200000002,30809,49.07292144401494,-11815632000.000008,99.5898106589781,
Alpha#43,"(ts_rank((volume / adv20), 20) * ts_rank((-1 * delta(close, 7)), 8)) 11","ts_rank((volume / adv20), 20) * ts_rank((-1 * delta(close, 7)), 8)",SUCCESS,0.0,0.0,0.0,0,0.0,0.0,0.0,
Alpha#44,"(-1 * correlation(high, rank(volume), 5))","-1 * correlation(high, rank(volume), 5)",SUCCESS,0.0,0.0,0.0,0,0.0,0.0,0.0,
Alpha#45,"(-1 * ((rank((sum(delay(close, 5), 20) / 20)) * correlation(close, volume, 2)) * rank(correlation(sum(close, 5), sum(close, 20), 2))))","-1 * ((rank(sum_(delay(close, 5), 20) / 20) * correlation(close, volume, 2)) * rank(correlation(sum_(close, 5), sum_(close, 20), 2)))",SUCCESS,0.0,0.0,0.0,0,0.0,0.0,0.0,
Alpha#46,"((0.25 < (((delay(close, 20) - delay(close, 10)) / 10) - ((delay(close, 10) - close) / 10))) ? (-1 * 1) : (((((delay(close, 20) - delay(close, 10)) / 10) - ((delay(close, 10) - close) / 10)) < 0) ? 1 : ((-1 * 1) * (close - delay(close, 1)))))","where(0.25 < (((delay(close, 20) - delay(close, 10)) / 10) - ((delay(close, 10) - close) / 10)), -1 * 1, where((((delay(close, 20) - delay(close, 10)) / 10) - ((delay(close, 10) - close) / 10)) < 0, 1, (-1 * 1) * (close - delay(close, 1))))",SUCCESS,-1.5140261895184488,0.0,-341.79069873758306,9722,50.93999774850839,-2960588000.000005,99.6433136165027,
Alpha#47,"((((rank((1 / close)) * volume) / adv20) * ((high * rank((high - close))) / (sum(high, 5) / 5))) - rank((vwap - delay(vwap, 5))))","(((rank(1 / close) * volume) / adv20) * ((high * rank(high - close)) / (sum_(high, 5) / 5))) - rank(vwap - delay(vwap, 5))",SUCCESS,0.0,0.0,0.0,0,0.0,0.0,0.0,
Alpha#48,"(indneutralize(((correlation(delta(close, 1), delta(delay(close, 1), 1), 250) * delta(close, 1)) / close), IndClass.subindustry) / sum(((delta(close, 1) / delay(close, 1))^2), 250))","indneutralize(((correlation(delta(close, 1), delta(delay(close, 1), 1), 250) * delta(close, 1)) / close), IndClass.subindustry) / sum_(((delta(close, 1) / delay(close, 1))**2), 250)",SUCCESS,-2.441445753178137,0.0,-479.70774965532667,33167,47.95198614032917,-2983496000.0000114,98.90021698421663,
Alpha#49,"(((((delay(close, 20) - delay(close, 10)) / 10) - ((delay(close, 10) - close) / 10)) < (-1 * 0.1)) ? 1 : ((-1 * 1) * (close - delay(close, 1))))","where((((delay(close, 20) - delay(close, 10)) / 10) - ((delay(close, 10) - close) / 10)) < (-1 * 0.1), 1, (-1 * 1) * (close - delay(close, 1)))",SUCCESS,-1.1761771254931457,0.0,-221.14478134017918,20808,49.41245882295098,-826384000.0000141,99.6433136165027,
Alpha#50,"(-1 * ts_max(rank(correlation(rank(volume), rank(vwap), 5)), 5))","-1 * ts_max(rank(correlation(rank(volume), rank(vwap), 5)), 5)",SUCCESS,0.0,0.0,0.0,0,0.0,0.0,0.0,
Alpha#51,"(((((delay(close, 20) - delay(close, 10)) / 10) - ((delay(close, 10) - close) / 10)) < (-1 * 0.05)) ? 1 : ((-1 * 1) * (close - delay(close, 1))))","where((((delay(close, 20) - delay(close, 10)) / 10) - ((delay(close, 10) - close) / 10)) < (-1 * 0.05), 1, (-1 * 1) * (close - delay(close, 1)))",SUCCESS,-1.0503764777616897,0.0,-198.58055627798618,20186,49.38296683764156,-594976000.0000188,99.6433136165027,
Alpha#52,"((((-1 * ts_min(low, 5)) + delay(ts_min(low, 5), 5)) * rank(((sum(returns, 240) - sum(returns, 20)) / 220))) * ts_rank(volume, 5))","(((-1 * ts_min(low, 5)) + delay(ts_min(low, 5), 5)) * rank((sum_(returns, 240) - sum_(returns, 20)) / 220)) * ts_rank(volume, 5)",SUCCESS,-3.3317672859914054,0.0,-661.6729371909809,31138,47.893838986943116,-4750062000.000002,98.93291323603721,
Alpha#53,"(-1 * delta((((close - low) - (high - close)) / (close - low)), 9))","-1 * delta((((close - low) - (high - close)) / (close - low)), 9)",SUCCESS,0.0,0.0,0.0,0,0.0,0.0,0.0,
Alpha#54,((-1 * ((low - close) * (open^5))) / ((low - high) * (close^5))),(-1 * ((low - close) * (open_**5))) / ((low - high) * (close**5)),SUCCESS,0.0,0.0,0.0,0,0.0,0.0,0.0,
Alpha#55,"(-1 * correlation(rank(((close - ts_min(low, 12)) / (ts_max(high, 12) - ts_min(low, 12)))), rank(volume), 6))","-1 * correlation(rank((close - ts_min(low, 12)) / (ts_max(high, 12) - ts_min(low, 12))), rank(volume), 6)",SUCCESS,0.0,0.0,0.0,0,0.0,0.0,0.0,
Alpha#56,"(0 - (1 * (rank((sum(returns, 10) / sum(sum(returns, 2), 3))) * rank((returns * cap)))))","0 - (1 * (rank(sum_(returns, 10) / sum_(sum_(returns, 2), 3)) * rank(returns * cap)))",SUCCESS,-2.3146968625764077,0.0,-695.6949276367316,33173,48.7784073600195,-2476099999.9999504,99.5898106589781,
Alpha#57,"(0 - (1 * ((close - vwap) / decay_linear(rank(ts_argmax(close, 30)), 2))))","0 - (1 * ((close - vwap) / decay_linear(rank(ts_argmax(close, 30)), 2)))",SUCCESS,-3.4328261454740727,0.0,-1009.6241999999995,33435,48.1578867833288,-5977974000.000004,99.55711440715751,
Alpha#58,"(-1 * Ts_Rank(decay_linear(correlation(IndNeutralize(vwap, IndClass.sector), volume, 3.92795), 7.89291), 5.50322))","-1 * Ts_Rank(decay_linear(correlation(IndNeutralize(vwap, IndClass.sector), volume, 3.92795), 7.89291), 5.50322)",SUCCESS,0.0,0.0,0.0,0,0.0,0.0,0.0,
Alpha#59,"(-1 * Ts_Rank(decay_linear(correlation(IndNeutralize(((vwap * 0.728317) + (vwap * (1 - 0.728317))), IndClass.industry), volume, 4.25197), 16.2289), 8.19648))","-1 * Ts_Rank(decay_linear(correlation(IndNeutralize(((vwap * 0.728317) + (vwap * (1 - 0.728317))), IndClass.industry), volume, 4.25197), 16.2289), 8.19648)",SUCCESS,0.0,0.0,0.0,0,0.0,0.0,0.0,
Alpha#60,"(0 - (1 * ((2 * scale(rank(((((close - low) - (high - close)) / (high - low)) * volume)))) - scale(rank(ts_argmax(close, 10)))))) 12","0 - (1 * ((2 * scale(rank((((close - low) - (high - close)) / (high - low)) * volume))) - scale(rank(ts_argmax(close, 10)))))",SUCCESS,0.0,0.0,0.0,0,0.0,0.0,0.0,
Alpha#61,"(rank((vwap - ts_min(vwap, 16.1219))) < rank(correlation(vwap, adv180, 17.9282)))","rank(vwap - ts_min(vwap, 16.1219)) < rank(correlation(vwap, adv180, 17.9282))",SUCCESS,-0.3531041410400114,0.0,-183.02068302068304,1,0.0,0.0,99.64628600303183,
Alpha#62,"((rank(correlation(vwap, sum(adv20, 22.4101), 9.91009)) < rank(((rank(open) + rank(open)) < (rank(((high + low) / 2)) + rank(high))))) * -1)","(rank(correlation(vwap, sum_(adv20, 22.4101), 9.91009)) < rank((rank(open_) + rank(open_)) < (rank((high + low) / 2) + rank(high)))) * -1",SUCCESS,-0.3531041410400114,0.0,-183.02068302068304,1,0.0,0.0,99.64628600303183,
Alpha#63,"((rank(decay_linear(delta(IndNeutralize(close, IndClass.industry), 2.25164), 8.22237)) - rank(decay_linear(correlation(((vwap * 0.318108) + (open * (1 - 0.318108))), sum(adv180, 37.2467), 13.557), 12.2883))) * -1)","(rank(decay_linear(delta(IndNeutralize(close, IndClass.industry), 2.25164), 8.22237)) - rank(decay_linear(correlation(((vwap * 0.318108) + (open_ * (1 - 0.318108))), sum_(adv180, 37.2467), 13.557), 12.2883))) * -1",SUCCESS,0.0,0.0,0.0,0,0.0,0.0,0.0,
Alpha#64,"((rank(correlation(sum(((open * 0.178404) + (low * (1 - 0.178404))), 12.7054), sum(adv120, 12.7054), 16.6208)) < rank(delta(((((high + low) / 2) * 0.178404) + (vwap * (1 - 0.178404))), 3.69741))) * -1)","(rank(correlation(sum_(((open_ * 0.178404) + (low * (1 - 0.178404))), 12.7054), sum_(adv120, 12.7054), 16.6208)) < rank(delta(((((high + low) / 2) * 0.178404) + (vwap * (1 - 0.178404))), 3.69741))) * -1",SUCCESS,-0.3531041410400114,0.0,-183.02068302068304,1,0.0,0.0,99.64628600303183,
Alpha#65,"((rank(correlation(((open * 0.00817205) + (vwap * (1 - 0.00817205))), sum(adv60, 8.6911), 6.40374)) < rank((open - ts_min(open, 13.635)))) * -1)","(rank(correlation(((open_ * 0.00817205) + (vwap * (1 - 0.00817205))), sum_(adv60, 8.6911), 6.40374)) < rank(open_ - ts_min(open_, 13.635))) * -1",SUCCESS,-0.3531041410400114,0.0,-183.02068302068304,1,0.0,0.0,99.64628600303183,
Alpha#66,"((rank(decay_linear(delta(vwap, 3.51013), 7.23052)) + Ts_Rank(decay_linear(((((low * 0.96633) + (low * (1 - 0.96633))) - vwap) / (open - ((high + low) / 2))), 11.4157), 6.72611)) * -1)","(rank(decay_linear(delta(vwap, 3.51013), 7.23052)) + Ts_Rank(decay_linear(((((low * 0.96633) + (low * (1 - 0.96633))) - vwap) / (open_ - ((high + low) / 2))), 11.4157), 6.72611)) * -1",SUCCESS,0.0,0.0,0.0,0,0.0,0.0,0.0,
Alpha#67,"((rank((high - ts_min(high, 2.14593)))^rank(correlation(IndNeutralize(vwap, IndClass.sector), IndNeutralize(adv20, IndClass.subindustry), 6.02936))) * -1)","(rank(high - ts_min(high, 2.14593))**rank(correlation(IndNeutralize(vwap, IndClass.sector), IndNeutralize(adv20, IndClass.subindustry), 6.02936))) * -1",SUCCESS,0.0,0.0,0.0,0,0.0,0.0,0.0,
Alpha#68,"((Ts_Rank(correlation(rank(high), rank(adv15), 8.91644), 13.9333) < rank(delta(((close * 0.518371) + (low * (1 - 0.518371))), 1.06157))) * -1)","(Ts_Rank(correlation(rank(high), rank(adv15), 8.91644), 13.9333) < rank(delta(((close * 0.518371) + (low * (1 - 0.518371))), 1.06157))) * -1",SUCCESS,-0.3531041410400114,0.0,-183.02068302068304,1,0.0,0.0,99.64628600303183,
Alpha#69,"((rank(ts_max(delta(IndNeutralize(vwap, IndClass.industry), 2.72412), 4.79344))^Ts_Rank(correlation(((close * 0.490655) + (vwap * (1 - 0.490655))), adv20, 4.92416), 9.0615)) * -1)","(rank(ts_max(delta(IndNeutralize(vwap, IndClass.industry), 2.72412), 4.79344))**Ts_Rank(correlation(((close * 0.490655) + (vwap * (1 - 0.490655))), adv20, 4.92416), 9.0615)) * -1",SUCCESS,0.0,0.0,0.0,0,0.0,0.0,0.0,
Alpha#70,"((rank(delta(vwap, 1.29456))^Ts_Rank(correlation(IndNeutralize(close, IndClass.industry), adv50, 17.8256), 17.9171)) * -1)","(rank(delta(vwap, 1.29456))**Ts_Rank(correlation(IndNeutralize(close, IndClass.industry), adv50, 17.8256), 17.9171)) * -1",SUCCESS,0.0,0.0,0.0,0,0.0,0.0,0.0,
Alpha#71,"max(Ts_Rank(decay_linear(correlation(Ts_Rank(close, 3.43976), Ts_Rank(adv180, 12.0647), 18.0175), 4.20501), 15.6948), Ts_Rank(decay_linear((rank(((low + open) - (vwap + vwap)))^2), 16.4662), 4.4388))","max_(Ts_Rank(decay_linear(correlation(Ts_Rank(close, 3.43976), Ts_Rank(adv180, 12.0647), 18.0175), 4.20501), 15.6948), Ts_Rank(decay_linear((rank((low + open_) - (vwap + vwap))**2), 16.4662), 4.4388))",SUCCESS,0.0,0.0,0.0,0,0.0,0.0,0.0,
Alpha#72,"(rank(decay_linear(correlation(((high + low) / 2), adv40, 8.93345), 10.1519)) / rank(decay_linear(correlation(Ts_Rank(vwap, 3.72469), Ts_Rank(volume, 18.5188), 6.86671), 2.95011)))","rank(decay_linear(correlation(((high + low) / 2), adv40, 8.93345), 10.1519)) / rank(decay_linear(correlation(Ts_Rank(vwap, 3.72469), Ts_Rank(volume, 18.5188), 6.86671), 2.95011))",SUCCESS,0.0,0.0,0.0,0,0.0,0.0,0.0,
Alpha#73,"(max(rank(decay_linear(delta(vwap, 4.72775), 2.91864)), Ts_Rank(decay_linear(((delta(((open * 0.147155) + (low * (1 - 0.147155))), 2.03608) / ((open * 0.147155) + (low * (1 - 0.147155)))) * -1), 3.33829), 16.7411)) * -1) 13","max_(rank(decay_linear(delta(vwap, 4.72775), 2.91864)), Ts_Rank(decay_linear(((delta(((open_ * 0.147155) + (low * (1 - 0.147155))), 2.03608) / ((open_ * 0.147155) + (low * (1 - 0.147155)))) * -1), 3.33829), 16.7411)) * -1",SUCCESS,-2.9381635757002176,0.0,-970.7840627050492,23878,47.331170746092596,-7664230000.000013,99.57494872633237,
Alpha#74,"((rank(correlation(close, sum(adv30, 37.4843), 15.1365)) < rank(correlation(rank(((high * 0.0261661) + (vwap * (1 - 0.0261661)))), rank(volume), 11.4791))) * -1)","(rank(correlation(close, sum_(adv30, 37.4843), 15.1365)) < rank(correlation(rank((high * 0.0261661) + (vwap * (1 - 0.0261661))), rank(volume), 11.4791))) * -1",SUCCESS,-0.3531041410400114,0.0,-183.02068302068304,1,0.0,0.0,99.64628600303183,
Alpha#75,"(rank(correlation(vwap, volume, 4.24304)) < rank(correlation(rank(low), rank(adv50), 12.4413)))","rank(correlation(vwap, volume, 4.24304)) < rank(correlation(rank(low), rank(adv50), 12.4413))",SUCCESS,-0.3531041410400114,0.0,-183.02068302068304,1,0.0,0.0,99.64628600303183,
Alpha#76,"(max(rank(decay_linear(delta(vwap, 1.24383), 11.8259)), Ts_Rank(decay_linear(Ts_Rank(correlation(IndNeutralize(low, IndClass.sector), adv81, 8.14941), 19.569), 17.1543), 19.383)) * -1)","max_(rank(decay_linear(delta(vwap, 1.24383), 11.8259)), Ts_Rank(decay_linear(Ts_Rank(correlation(IndNeutralize(low, IndClass.sector), adv81, 8.14941), 19.569), 17.1543), 19.383)) * -1",SUCCESS,0.0,0.0,0.0,0,0.0,0.0,0.0,
Alpha#77,"min(rank(decay_linear(((((high + low) / 2) + high) - (vwap + high)), 20.0451)), rank(decay_linear(correlation(((high + low) / 2), adv40, 3.1614), 5.64125)))","min_(rank(decay_linear(((((high + low) / 2) + high) - (vwap + high)), 20.0451)), rank(decay_linear(correlation(((high + low) / 2), adv40, 3.1614), 5.64125)))",SUCCESS,0.0,0.0,0.0,0,0.0,0.0,0.0,
Alpha#78,"(rank(correlation(sum(((low * 0.352233) + (vwap * (1 - 0.352233))), 19.7428), sum(adv40, 19.7428), 6.83313))^rank(correlation(rank(vwap), rank(volume), 5.77492)))","rank(correlation(sum_(((low * 0.352233) + (vwap * (1 - 0.352233))), 19.7428), sum_(adv40, 19.7428), 6.83313))**rank(correlation(rank(vwap), rank(volume), 5.77492))",SUCCESS,0.0,0.0,0.0,0,0.0,0.0,0.0,
Alpha#79,"(rank(delta(IndNeutralize(((close * 0.60733) + (open * (1 - 0.60733))), IndClass.sector), 1.23438)) < rank(correlation(Ts_Rank(vwap, 3.60973), Ts_Rank(adv150, 9.18637), 14.6644)))","rank(delta(IndNeutralize(((close * 0.60733) + (open_ * (1 - 0.60733))), IndClass.sector), 1.23438)) < rank(correlation(Ts_Rank(vwap, 3.60973), Ts_Rank(adv150, 9.18637), 14.6644))",SUCCESS,-0.3531041410400114,0.0,-183.02068302068304,1,0.0,0.0,99.64628600303183,
Alpha#80,"((rank(Sign(delta(IndNeutralize(((open * 0.868128) + (high * (1 - 0.868128))), IndClass.industry), 4.04545)))^Ts_Rank(correlation(high, adv10, 5.11456), 5.53756)) * -1)","(rank(Sign(delta(IndNeutralize(((open_ * 0.868128) + (high * (1 - 0.868128))), IndClass.industry), 4.04545)))**Ts_Rank(correlation(high, adv10, 5.11456), 5.53756)) * -1",SUCCESS,0.0,0.0,0.0,0,0.0,0.0,0.0,
Alpha#81,"((rank(Log(product(rank((rank(correlation(vwap, sum(adv10, 49.6054), 8.47743))^4)), 14.9655))) < rank(correlation(rank(vwap), rank(volume), 5.07914))) * -1)","(rank(Log(product(rank(rank(correlation(vwap, sum_(adv10, 49.6054), 8.47743))**4), 14.9655))) < rank(correlation(rank(vwap), rank(volume), 5.07914))) * -1",SUCCESS,-0.3531041410400114,0.0,-183.02068302068304,1,0.0,0.0,99.64628600303183,
Alpha#82,"(min(rank(decay_linear(delta(open, 1.46063), 14.8717)), Ts_Rank(decay_linear(correlation(IndNeutralize(volume, IndClass.sector), ((open * 0.634196) + (open * (1 - 0.634196))), 17.4842), 6.92131), 13.4283)) * -1)","min_(rank(decay_linear(delta(open_, 1.46063), 14.8717)), Ts_Rank(decay_linear(correlation(IndNeutralize(volume, IndClass.sector), ((open_ * 0.634196) + (open_ * (1 - 0.634196))), 17.4842), 6.92131), 13.4283)) * -1",SUCCESS,0.0,0.0,0.0,0,0.0,0.0,0.0,
Alpha#83,"((rank(delay(((high - low) / (sum(close, 5) / 5)), 2)) * rank(rank(volume))) / (((high - low) / (sum(close, 5) / 5)) / (vwap - close)))","(rank(delay(((high - low) / (sum_(close, 5) / 5)), 2)) * rank(rank(volume))) / (((high - low) / (sum_(close, 5) / 5)) / (vwap - close))",SUCCESS,0.0,0.0,0.0,0,0.0,0.0,0.0,
Alpha#84,"SignedPower(Ts_Rank((vwap - ts_max(vwap, 15.3217)), 20.7127), delta(close, 4.96796))","SignedPower(Ts_Rank((vwap - ts_max(vwap, 15.3217)), 20.7127), delta(close, 4.96796))",SUCCESS,-1.6065988631496013,0.0,-478.2561772988616,11068,48.52263486039577,-5670960000.000014,99.54819724757007,
Alpha#85,"(rank(correlation(((high * 0.876703) + (close * (1 - 0.876703))), adv30, 9.61331))^rank(correlation(Ts_Rank(((high + low) / 2), 3.70596), Ts_Rank(volume, 10.1595), 7.11408)))","rank(correlation(((high * 0.876703) + (close * (1 - 0.876703))), adv30, 9.61331))**rank(correlation(Ts_Rank(((high + low) / 2), 3.70596), Ts_Rank(volume, 10.1595), 7.11408))",SUCCESS,0.0,0.0,0.0,0,0.0,0.0,0.0,
Alpha#86,"((Ts_Rank(correlation(close, sum(adv20, 14.7444), 6.00049), 20.4195) < rank(((open + close) - (vwap + open)))) * -1) 14","(Ts_Rank(correlation(close, sum_(adv20, 14.7444), 6.00049), 20.4195) < rank((open_ + close) - (vwap + open_))) * -1",SUCCESS,-0.3531041410400114,0.0,-183.02068302068304,1,0.0,0.0,99.64628600303183,
Alpha#87,"(max(rank(decay_linear(delta(((close * 0.369701) + (vwap * (1 - 0.369701))), 1.91233), 2.65461)), Ts_Rank(decay_linear(abs(correlation(IndNeutralize(adv81, IndClass.industry), close, 13.4132)), 4.89768), 14.4535)) * -1)","max_(rank(decay_linear(delta(((close * 0.369701) + (vwap * (1 - 0.369701))), 1.91233), 2.65461)), Ts_Rank(decay_linear(abs(correlation(IndNeutralize(adv81, IndClass.industry), close, 13.4132)), 4.89768), 14.4535)) * -1",SUCCESS,0.0,0.0,0.0,0,0.0,0.0,0.0,
Alpha#88,"min(rank(decay_linear(((rank(open) + rank(low)) - (rank(high) + rank(close))), 8.06882)), Ts_Rank(decay_linear(correlation(Ts_Rank(close, 8.44728), Ts_Rank(adv60, 20.6966), 8.01266), 6.65053), 2.61957))","min_(rank(decay_linear(((rank(open_) + rank(low)) - (rank(high) + rank(close))), 8.06882)), Ts_Rank(decay_linear(correlation(Ts_Rank(close, 8.44728), Ts_Rank(adv60, 20.6966), 8.01266), 6.65053), 2.61957))",SUCCESS,0.0,0.0,0.0,0,0.0,0.0,0.0,
Alpha#89,"(Ts_Rank(decay_linear(correlation(((low * 0.967285) + (low * (1 - 0.967285))), adv10, 6.94279), 5.51607), 3.79744) - Ts_Rank(decay_linear(delta(IndNeutralize(vwap, IndClass.industry), 3.48158), 10.1466), 15.3012))","Ts_Rank(decay_linear(correlation(((low * 0.967285) + (low * (1 - 0.967285))), adv10, 6.94279), 5.51607), 3.79744) - Ts_Rank(decay_linear(delta(IndNeutralize(vwap, IndClass.industry), 3.48158), 10.1466), 15.3012)",SUCCESS,0.0,0.0,0.0,0,0.0,0.0,0.0,
Alpha#90,"((rank((close - ts_max(close, 4.66719)))^Ts_Rank(correlation(IndNeutralize(adv40, IndClass.subindustry), low, 5.38375), 3.21856)) * -1)","(rank(close - ts_max(close, 4.66719))**Ts_Rank(correlation(IndNeutralize(adv40, IndClass.subindustry), low, 5.38375), 3.21856)) * -1",SUCCESS,0.0,0.0,0.0,0,0.0,0.0,0.0,
Alpha#91,"((Ts_Rank(decay_linear(decay_linear(correlation(IndNeutralize(close, IndClass.industry), volume, 9.74928), 16.398), 3.83219), 4.8667) - rank(decay_linear(correlation(vwap, adv30, 4.01303), 2.6809))) * -1)","(Ts_Rank(decay_linear(decay_linear(correlation(IndNeutralize(close, IndClass.industry), volume, 9.74928), 16.398), 3.83219), 4.8667) - rank(decay_linear(correlation(vwap, adv30, 4.01303), 2.6809))) * -1",SUCCESS,0.0,0.0,0.0,0,0.0,0.0,0.0,
Alpha#92,"min(Ts_Rank(decay_linear(((((high + low) / 2) + close) < (low + open)), 14.7221), 18.8683), Ts_Rank(decay_linear(correlation(rank(low), rank(adv30), 7.58555), 6.94024), 6.80584))","min_(Ts_Rank(decay_linear(((((high + low) / 2) + close) < (low + open_)), 14.7221), 18.8683), Ts_Rank(decay_linear(correlation(rank(low), rank(adv30), 7.58555), 6.94024), 6.80584))",SUCCESS,0.0,0.0,0.0,0,0.0,0.0,0.0,
Alpha#93,"(Ts_Rank(decay_linear(correlation(IndNeutralize(vwap, IndClass.industry), adv81, 17.4193), 19.848), 7.54455) / rank(decay_linear(delta(((close * 0.524434) + (vwap * (1 - 0.524434))), 2.77377), 16.2664)))","Ts_Rank(decay_linear(correlation(IndNeutralize(vwap, IndClass.industry), adv81, 17.4193), 19.848), 7.54455) / rank(decay_linear(delta(((close * 0.524434) + (vwap * (1 - 0.524434))), 2.77377), 16.2664))",SUCCESS,0.0,0.0,0.0,0,0.0,0.0,0.0,
Alpha#94,"((rank((vwap - ts_min(vwap, 11.5783)))^Ts_Rank(correlation(Ts_Rank(vwap, 19.6462), Ts_Rank(adv60, 4.02992), 18.0926), 2.70756)) * -1)","(rank(vwap - ts_min(vwap, 11.5783))**Ts_Rank(correlation(Ts_Rank(vwap, 19.6462), Ts_Rank(adv60, 4.02992), 18.0926), 2.70756)) * -1",SUCCESS,0.0,0.0,0.0,0,0.0,0.0,0.0,
Alpha#95,"(rank((open - ts_min(open, 12.4105))) < Ts_Rank((rank(correlation(sum(((high + low) / 2), 19.1351), sum(adv40, 19.1351), 12.8742))^5), 11.7584))","rank(open_ - ts_min(open_, 12.4105)) < Ts_Rank((rank(correlation(sum_(((high + low) / 2), 19.1351), sum_(adv40, 19.1351), 12.8742))**5), 11.7584)",SUCCESS,-0.3531041410400114,0.0,-183.02068302068304,1,0.0,0.0,99.64628600303183,
Alpha#96,"(max(Ts_Rank(decay_linear(correlation(rank(vwap), rank(volume), 3.83878), 4.16783), 8.38151), Ts_Rank(decay_linear(Ts_ArgMax(correlation(Ts_Rank(close, 7.45404), Ts_Rank(adv60, 4.13242), 3.65459), 12.6556), 14.0365), 13.4143)) * -1)","max_(Ts_Rank(decay_linear(correlation(rank(vwap), rank(volume), 3.83878), 4.16783), 8.38151), Ts_Rank(decay_linear(Ts_ArgMax(correlation(Ts_Rank(close, 7.45404), Ts_Rank(adv60, 4.13242), 3.65459), 12.6556), 14.0365), 13.4143)) * -1",SUCCESS,0.0,0.0,0.0,0,0.0,0.0,0.0,
Alpha#97,"((rank(decay_linear(delta(IndNeutralize(((low * 0.721001) + (vwap * (1 - 0.721001))), IndClass.industry), 3.3705), 20.4523)) - Ts_Rank(decay_linear(Ts_Rank(correlation(Ts_Rank(low, 7.87871), Ts_Rank(adv60, 17.255), 4.97547), 18.5925), 15.7152), 6.71659)) * -1) 15","(rank(decay_linear(delta(IndNeutralize(((low * 0.721001) + (vwap * (1 - 0.721001))), IndClass.industry), 3.3705), 20.4523)) - Ts_Rank(decay_linear(Ts_Rank(correlation(Ts_Rank(low, 7.87871), Ts_Rank(adv60, 17.255), 4.97547), 18.5925), 15.7152), 6.71659)) * -1",SUCCESS,0.0,0.0,0.0,0,0.0,0.0,0.0,
Alpha#98,"(rank(decay_linear(correlation(vwap, sum(adv5, 26.4719), 4.58418), 7.18088)) - rank(decay_linear(Ts_Rank(Ts_ArgMin(correlation(rank(open), rank(adv15), 20.8187), 8.62571), 6.95668), 8.07206)))","rank(decay_linear(correlation(vwap, sum_(adv5, 26.4719), 4.58418), 7.18088)) - rank(decay_linear(Ts_Rank(Ts_ArgMin(correlation(rank(open_), rank(adv15), 20.8187), 8.62571), 6.95668), 8.07206))",SUCCESS,0.0,0.0,0.0,0,0.0,0.0,0.0,
Alpha#99,"((rank(correlation(sum(((high + low) / 2), 19.8975), sum(adv60, 19.8975), 8.8136)) < rank(correlation(low, volume, 6.28259))) * -1)","(rank(correlation(sum_(((high + low) / 2), 19.8975), sum_(adv60, 19.8975), 8.8136)) < rank(correlation(low, volume, 6.28259))) * -1",SUCCESS,-0.3531041410400114,0.0,-183.02068302068304,1,0.0,0.0,99.64628600303183,
Alpha#100,"(0 - (1 * (((1.5 * scale(indneutralize(indneutralize(rank(((((close - low) - (high - close)) / (high - low)) * volume)), IndClass.subindustry), IndClass.subindustry))) - scale(indneutralize((correlation(close, rank(adv20), 5) - rank(ts_argmin(close, 30))), IndClass.subindustry))) * (volume / adv20))))","0 - (1 * (((1.5 * scale(indneutralize(indneutralize(rank((((close - low) - (high - close)) / (high - low)) * volume), IndClass.subindustry), IndClass.subindustry))) - scale(indneutralize((correlation(close, rank(adv20), 5) - rank(ts_argmin(close, 30))), IndClass.subindustry))) * (volume / adv20)))",SUCCESS,0.0,0.0,0.0,0,0.0,0.0,0.0,
Alpha#101,((close - open) / ((high - low) + .001)),(close - open_) / ((high - low) + .001),SUCCESS,-4.737974394801192,0.0,-1184.5491239988046,33429,45.273206056616196,-8245180000.000058,99.64628600303183,
